ticker,company,sector,fiscal_year,doc_type,event_date,date_source,alpha,beta,r_squared,std_error,est_n_obs,"CAR[-1,+1]","CAR[0,+1]","CAR[0,+3]","CAR[0,+5]","CAR[-1,+3]","CAR[-1,+5]","BHAR[0,+5]",sentiment_score_mean,weighted_score_mean,guidance_score_mean,guidance_rate,net_sentiment,guidance_adj_sentiment,pct_positive,pct_negative,pct_neutral,n_passages,pred_sentiment
NB,NB,Consumer Goods,2021,annual_report,2020-03-01,estimated,3.002744920074144e-05,1.096058204742811,0.4579861144236987,0.0096278328544997,206,-0.012539460108046,-0.0100315680864368,-0.025078920216092,-0.0326025962809196,-0.0275868122377012,-0.037618380324138,-0.0300947042593104,-0.250919762305275,-0.2307777597487709,0.242706521199981,0.7996482354623999,-0.20073580984422,-0.1756438336136925,0.3745401188473625,0.6254598811526375,0.3963356560644662,22,negative
MTNN,MTNN,Telecoms,2024,interim_report,2020-03-15,estimated,0.0001213979910734,1.0267688735810572,0.4294619709550756,0.0131033604877533,152,0.0094256523598253,0.0075405218878603,0.0188513047196507,0.0245066961355459,0.0207364351916158,0.0282769570794761,0.0226215656635809,0.9014286128198324,1.0262998656622215,-0.0745066655519246,0.2289272233163336,0.7211428902558659,0.6310000289738826,0.9507143064099162,0.0492856935900838,0.1409319257670199,10,positive
MTNN,MTNN,Telecoms,2021,interim_report,2020-03-29,estimated,8.876719503091702e-05,1.315114066440766,0.1135479962517417,0.0108885050046662,129,0.0020584663401901,0.0016467730721521,0.0041169326803803,0.0053520124844944,0.0045286259484184,0.0061753990205705,0.0049403192164564,0.4639878836228102,0.4164729250624474,-0.154065007453037,0.7863045105327904,0.3711903068982481,0.3247915185359671,0.7319939418114051,0.2680060581885949,0.3085433662142781,15,positive
DANGCEM,DANGCEM,Industrial,2021,annual_report,2020-04-12,estimated,7.79030400466777e-05,1.2308777689796244,0.2109860809664747,0.0033232782064494,138,-0.0153341823257403,-0.0122673458605923,-0.0306683646514807,-0.039868874046925,-0.0337352011166288,-0.0460025469772211,-0.0368020375817769,0.1973169683940732,0.1527657966120435,-0.1289612370153973,0.4441447764337224,0.1578535747152585,0.1381218778758512,0.5986584841970366,0.4013415158029634,0.2212956304312876,6,neutral
NB,NB,Consumer Goods,2021,interim_report,2020-04-26,estimated,0.0001614166700043,0.7213399037862009,0.2155373982940357,0.0119009892550298,130,-0.0066179373234197,-0.0052943498587357,-0.0132358746468394,-0.0172066370408912,-0.0145594621115233,-0.0198538119702591,-0.0158830495762072,-0.687962719115127,-1.020921297796514,0.4876495637360578,0.7224520702023556,-0.5503701752921016,-0.4815739033805888,0.1560186404424365,0.8439813595575635,0.2284598844776844,27,negative
SEPLAT,SEPLAT,Oil & Gas,2021,interim_report,2020-05-10,estimated,0.0001757507710047,0.8493776542364385,0.4359463717993642,0.0130529287264191,181,-0.0070569734876653,-0.0056455787901322,-0.0141139469753306,-0.0183481310679297,-0.0155253416728636,-0.0211709204629959,-0.0169367363703967,-0.6880109593275947,-0.6256317620340178,-0.4598908085875175,0.6694312904349642,-0.5504087674620758,-0.4816076715293163,0.1559945203362026,0.8440054796637974,0.3152793296974528,23,negative
MTNN,MTNN,Telecoms,2022,annual_report,2020-05-24,estimated,4.694988523894726e-05,0.7987913118515726,0.109855268877182,0.0127989522396551,199,-0.0131935734269232,-0.0105548587415386,-0.0263871468538465,-0.0343032909100004,-0.0290258615392311,-0.0395807202807697,-0.0316645762246158,-0.8838327756636011,-1.232150568738145,0.3670314961224485,0.5402097565920008,-0.7070662205308809,-0.6186829429645208,0.0580836121681994,0.9419163878318004,0.3077308453973109,23,negative
SEPLAT,SEPLAT,Oil & Gas,2020,interim_report,2020-06-07,estimated,4.2418175935532e-05,1.1951570340581417,0.1520542909922869,0.0154039036277731,101,0.0080529452060587,0.0064423561648469,0.0161058904121174,0.0209376575357526,0.0177164794533291,0.0241588356181761,0.0193270684945409,0.7323522915498704,0.5345839283517194,0.0786754085723934,0.643069525550796,0.5858818332398963,0.5126466040849093,0.8661761457749352,0.1338238542250648,0.3973767981106565,9,positive
MTNN,MTNN,Telecoms,2023,interim_report,2020-06-21,estimated,7.249483028483561e-05,0.6268259477886234,0.4999580426865947,0.0141696107727445,177,-0.0146586839233339,-0.0117269471386671,-0.0293173678466678,-0.0381125782006681,-0.0322491046313346,-0.0439760517700017,-0.0351808414160014,0.2022300234864176,0.1442111810432674,-0.0613845808104095,0.7271093367808088,0.1617840187891341,0.1415610164404923,0.6011150117432088,0.3988849882567912,0.1385182868362375,23,positive
MTNN,MTNN,Telecoms,2021,annual_report,2020-07-05,estimated,-0.0001301921164735,1.0559117478970532,0.1892723310271668,0.0122959003961421,176,0.0009841107993143,0.0007872886394515,0.0019682215986287,0.0025586880782173,0.0021650437584916,0.0029523323979431,0.0023618659183545,0.416145155592091,0.2210288755622375,0.2252576604151365,0.4424841929906198,0.3329161244736728,0.2913016089144636,0.7080725777960455,0.2919274222039545,0.1312328948152499,6,positive
MTNN,MTNN,Telecoms,2024,annual_report,2020-07-19,estimated,-5.151910621985522e-05,1.2099669485925524,0.4263730539259374,0.0096491714427067,192,-0.0186663966277105,-0.0149331173021684,-0.037332793255421,-0.0485326312320474,-0.0410660725809632,-0.0559991898831316,-0.0447993519065053,-0.9588310114083952,-1.1042538669806554,-0.0133310585752971,0.3962198969379432,-0.7670648091267162,-0.6711817079858765,0.0205844942958024,0.9794155057041976,0.3173016451386223,14,negative
NB,NB,Consumer Goods,2021,annual_report,2020-08-02,estimated,0.0002366874267444,1.3014125094093996,0.2190913905233632,0.00169519533242,111,0.0040688296995895,0.0032550637596716,0.0081376593991791,0.0105789572189329,0.0089514253390971,0.0122064890987687,0.009765191279015,0.9398197043239886,0.8162581715560602,0.3734232380816605,0.6005560313381508,0.7518557634591909,0.657873793026792,0.9699098521619944,0.0300901478380056,0.2735160751019228,29,positive
ZENITHBANK,ZENITHBANK,Banking,2024,interim_report,2020-08-16,estimated,0.0002644967713501,0.8736653989727259,0.1497206963796725,0.0121480910956629,138,0.0079572078281875,0.00636576626255,0.015914415656375,0.0206887403532875,0.0175058572220125,0.0238716234845626,0.01909729878765,0.6648852816008435,0.9071417191490612,0.4007018640112585,0.6847075651647552,0.5319082252806748,0.4654196971205904,0.8324426408004217,0.1675573591995782,0.1822481999679417,6,positive
SEPLAT,SEPLAT,Oil & Gas,2022,annual_report,2020-08-30,estimated,7.509639604436217e-05,1.2570058437376104,0.221586095499727,0.0110384384358155,165,-0.0035791909694699,-0.0028633527755759,-0.0071583819389399,-0.0093058965206219,-0.0078742201328339,-0.0107375729084099,-0.0085900583267279,-0.5753217786434477,-0.5599088545112104,-0.0782790731265445,0.6573710808659695,-0.4602574229147582,-0.4027252450504133,0.2123391106782761,0.7876608893217238,0.1238258106966959,15,negative
NB,NB,Consumer Goods,2024,annual_report,2020-09-13,estimated,0.0001576556963055,0.6885053895641657,0.4611334659278295,0.0113578941859768,195,0.0140320727813446,0.0112256582250757,0.0280641455626892,0.036483389231496,0.0308705601189582,0.0420962183440339,0.0336769746752271,-0.6363500655857988,-0.934284984146172,-0.2231722027649484,0.6786881893151808,-0.5090800524686391,-0.4454450459100591,0.1818249672071006,0.8181750327928994,0.1256974748789291,22,negative
NB,NB,Consumer Goods,2023,annual_report,2020-09-27,estimated,0.0001311250154543,1.2771618333876145,0.5278482340531429,0.0036162571208984,112,-0.0073156420439989,-0.0058525136351991,-0.0146312840879979,-0.0190206693143973,-0.0160944124967977,-0.0219469261319969,-0.0175575409055975,-0.6331909802931324,-0.4340685733040144,0.0923503285933622,0.4613499888877598,-0.5065527842345059,-0.4432336862051926,0.1834045098534338,0.8165954901465662,0.3682572623992355,28,negative
NB,NB,Consumer Goods,2020,annual_report,2020-10-11,estimated,0.0004078880808455,0.7019909298655859,0.5151099322834958,0.0045947172979586,145,-0.0026533528271793,-0.0021226822617434,-0.0053067056543586,-0.0068987173506662,-0.0058373762197944,-0.0079600584815379,-0.0063680467852303,-0.3915155140809245,-0.5358372031852044,0.4123633456166909,0.690700529705013,-0.3132124112647396,-0.2740608598566472,0.3042422429595377,0.6957577570404623,0.1575601974156228,19,negative
NB,NB,Consumer Goods,2024,annual_report,2020-10-25,estimated,0.0002119574911434,0.9178298324482936,0.2985917648092274,0.0152657642666645,126,-0.0001878809981099,-0.0001503047984879,-0.0003757619962199,-0.0004884905950858,-0.0004133381958419,-0.0005636429943298,-0.0004509143954638,0.0495128632644756,0.0632079654161375,-0.2893378109943334,0.2721254332223651,0.0396102906115805,0.0346590042851329,0.5247564316322378,0.4752435683677621,0.1970114686346562,13,neutral
NB,NB,Consumer Goods,2024,annual_report,2020-11-08,estimated,8.720824085192335e-05,1.2378362926236428,0.434042568285323,0.0098022242307167,212,-0.0260262896319745,-0.0208210317055796,-0.052052579263949,-0.0676683530431338,-0.057257837190344,-0.0780788688959236,-0.0624630951167389,-0.1361099627157684,-0.1729851248891576,0.1229665835634827,0.5266934587765097,-0.1088879701726147,-0.0952769739010379,0.4319450186421157,0.5680549813578842,0.1679969206680964,27,neutral
DANGCEM,DANGCEM,Industrial,2020,interim_report,2020-11-22,estimated,4.44595593995743e-06,0.7199339418790189,0.2024921477079105,0.0134075034868631,204,-0.0065945492371739,-0.0052756393897391,-0.0131890984743479,-0.0171458280166522,-0.0145080083217826,-0.0197836477115218,-0.0158269181692174,-0.4175417196039162,-0.5615031015624308,0.1315602200925205,0.2034551962988729,-0.3340333756831329,-0.2922792037227413,0.2912291401980419,0.7087708598019581,0.2064988917495812,23,negative
SEPLAT,SEPLAT,Oil & Gas,2023,interim_report,2020-12-06,estimated,-6.064463202575726e-05,0.7834011161861132,0.2465738651305066,0.0101415918806523,116,0.0041084644659342,0.0032867715727473,0.0082169289318684,0.0106820076114289,0.0090386218250552,0.0123253933978026,0.0098603147182421,0.2237057894447589,0.2820983674026841,0.2331130224152809,0.3947514979401622,0.1789646315558071,0.1565940526113312,0.6118528947223795,0.3881471052776205,0.120827152823828,13,positive
NB,NB,Consumer Goods,2021,annual_report,2020-12-20,estimated,0.0001203463635867,1.177802054714453,0.5481679092605599,0.0101487806974787,203,0.0199753422256273,0.0159802737805018,0.0399506844512546,0.051935889786631,0.0439457528963801,0.059926026676882,0.0479408213415056,-0.7210122786959163,-0.8120186804131145,-0.3684323148727402,0.4198769209228388,-0.5768098229567331,-0.5047085950871414,0.1394938606520418,0.8605061393479582,0.2557179372724811,7,negative
SEPLAT,SEPLAT,Oil & Gas,2024,annual_report,2021-01-03,estimated,2.4364925471569672e-05,1.1760292292368597,0.106500961755368,0.0146914190298799,194,-0.0086401726037074,-0.0069121380829659,-0.0172803452074149,-0.0224644487696394,-0.0190083797281564,-0.0259205178111224,-0.0207364142488979,-0.4157107029295637,-0.2624152518220318,0.2158249646820885,0.4377036149655532,-0.3325685623436509,-0.2909974920506946,0.2921446485352181,0.7078553514647818,0.1202837690776644,25,negative
DANGCEM,DANGCEM,Industrial,2020,annual_report,2021-01-17,estimated,-4.222537095976743e-05,1.1129181063082378,0.142754265427234,0.0074197763589131,197,-0.000239802922019,-0.0001918423376152,-0.0004796058440381,-0.0006234875972496,-0.000527566428442,-0.0007194087660572,-0.0005755270128458,-0.2672763134126166,-0.1423316340501271,0.409032520665641,0.6172803240139173,-0.2138210507300932,-0.1870934193888316,0.3663618432936917,0.6336381567063083,0.3401069523467085,13,negative
DANGCEM,DANGCEM,Industrial,2022,interim_report,2021-01-31,estimated,3.534271157574734e-05,1.15515875557368,0.2039431275730136,0.0104806038847049,159,-0.0017517975948044,-0.0014014380758435,-0.0035035951896089,-0.0045546737464916,-0.0038539547085698,-0.0052553927844133,-0.0042043142275307,-0.0878600315659281,-0.1248357367594673,-0.320316891129758,0.4331348607622075,-0.0702880252527425,-0.0615020220961496,0.4560699842170359,0.5439300157829641,0.1701136245731299,18,neutral
SEPLAT,SEPLAT,Oil & Gas,2020,interim_report,2021-02-14,estimated,-8.154800361439494e-06,1.0341795546780768,0.1132661019369098,0.0076886235564747,163,-0.0060531966284537,-0.0048425573027629,-0.0121063932569074,-0.0157383112339797,-0.0133170325825982,-0.0181595898853612,-0.0145276719082889,0.5703519227860272,0.636883653966525,-0.2624566750761223,0.4692161735735184,0.4562815382288218,0.399246345950219,0.7851759613930136,0.2148240386069864,0.2620035743813532,23,positive
MTNN,MTNN,Telecoms,2022,interim_report,2021-02-28,estimated,0.0002687141635072,0.8014392471255621,0.1907177175448986,0.0078275188628384,187,0.0052754986461885,0.0042203989169508,0.010550997292377,0.0137162964800902,0.0116060970216148,0.0158264959385656,0.0126611967508525,-0.6006524356832805,-0.7787682817790426,0.4713950940416396,0.3425264785245965,-0.4805219485466244,-0.4204567049782963,0.1996737821583597,0.8003262178416403,0.3640237262684375,11,negative
ZENITHBANK,ZENITHBANK,Banking,2023,interim_report,2021-03-14,estimated,0.0001881639756949,0.8765567948031355,0.391520780484846,0.0084541393826568,208,0.009826196060993,0.0078609568487944,0.019652392121986,0.0255481097585818,0.0216176313341846,0.029478588182979,0.0235828705463832,0.0284688768272232,0.0279428389283772,-0.3190230472905102,0.4239510749776041,0.0227751014617785,0.0199282137790562,0.5142344384136116,0.4857655615863884,0.2952632107141583,20,neutral
MTNN,MTNN,Telecoms,2021,interim_report,2021-03-28,estimated,9.920273586833829e-05,0.7452781734411404,0.310712275296249,0.0111106688581685,134,0.0126603364038993,0.0101282691231194,0.0253206728077987,0.0329168746501383,0.0278527400885785,0.037981009211698,0.0303848073693584,0.1848291377240849,0.1140965402759358,0.3543850933695791,0.3363617763578909,0.1478633101792679,0.1293803964068594,0.5924145688620425,0.4075854311379575,0.2598873359654006,20,neutral
MTNN,MTNN,Telecoms,2020,interim_report,2021-04-11,estimated,0.000247994413889,1.3267604490669025,0.5463358555384874,0.0076062568916826,211,-0.0249738308033343,-0.0199790646426674,-0.0499476616066686,-0.0649319600886692,-0.0549424277673354,-0.0749214924100029,-0.0599371939280023,-0.9070991745600046,-0.5671055160535761,-0.0077221435519652,0.2439175542610662,-0.7256793396480037,-0.6349694221920031,0.0464504127199977,0.9535495872800024,0.1973001259346127,5,negative
MTNN,MTNN,Telecoms,2024,interim_report,2021-04-25,estimated,0.0001077368307647,1.0667134358128962,0.5087217808692205,0.0162787806278676,169,0.0207612744437443,0.0166090195549955,0.0415225488874887,0.0539793135537354,0.0456748037762376,0.0622838233312331,0.0498270586649865,0.2150897038028767,0.2550028864690519,-0.2527689255968229,0.5620691560288268,0.1720717630423014,0.1505627926620137,0.6075448519014384,0.3924551480985616,0.1999005739174594,8,positive
NB,NB,Consumer Goods,2023,interim_report,2021-05-09,estimated,1.3871579867173636e-05,0.9206811334109118,0.2709086758489379,0.0055269634889024,182,-0.0274074145742847,-0.0219259316594278,-0.0548148291485695,-0.0712592778931403,-0.0602963120634264,-0.0822222437228542,-0.0657777949782834,-0.6589517526254169,-0.6130266999217578,0.3707499012725114,0.6009276791330098,-0.5271614021003336,-0.4612662268377918,0.1705241236872915,0.8294758763127085,0.3008460865594571,8,negative
DANGCEM,DANGCEM,Industrial,2020,interim_report,2021-05-23,estimated,0.0002523124077269,0.969604642915306,0.2297117167156462,0.0090656417791932,129,-0.0057127385379382,-0.0045701908303505,-0.0114254770758764,-0.0148531201986394,-0.0125680247834641,-0.0171382156138147,-0.0137105724910517,-0.869896814029441,-0.6093842279054678,-0.0546947449973345,0.5716942076057687,-0.6959174512235529,-0.6089277698206086,0.0650515929852795,0.9349484070147204,0.3982418083663502,11,negative
MTNN,MTNN,Telecoms,2024,annual_report,2021-06-06,estimated,0.0001538910043684,1.3578266716894525,0.2898462040836335,0.0078013447086291,170,0.0408472614402247,0.0326778091521797,0.0816945228804494,0.1062028797445843,0.0898639751684944,0.1225417843206741,0.0980334274565393,0.8977710745066665,0.8902249017030107,0.0148173539296901,0.4780964262803435,0.7182168596053332,0.6284397521546665,0.9488855372533332,0.0511144627466667,0.2985517569548136,12,positive
DANGCEM,DANGCEM,Industrial,2020,annual_report,2021-06-20,estimated,-3.7246154326456343e-06,0.7226811224928641,0.3951474712574039,0.0172348894217686,173,0.0015872569281031,0.0012698055424825,0.0031745138562063,0.0041268680130682,0.0034919652418269,0.0047617707843095,0.0038094166274476,0.9312640661491188,0.5254275088982616,-0.1407666306002343,0.4278714681075379,0.745011252919295,0.651884846304383,0.9656320330745594,0.0343679669254406,0.2673350252110075,21,positive
SEPLAT,SEPLAT,Oil & Gas,2022,annual_report,2021-07-04,estimated,8.096613219163918e-05,1.0689838656134376,0.2340318204114381,0.0109827738825578,204,0.0021731988234591,0.0017385590587673,0.0043463976469183,0.0056503169409938,0.0047810374116102,0.0065195964703775,0.005215677176302,0.6167946962329223,0.6673542221765008,0.0929508514349274,0.7180001897430952,0.4934357569863378,0.4317562873630455,0.8083973481164611,0.1916026518835388,0.3191951530717739,9,positive
ZENITHBANK,ZENITHBANK,Banking,2020,annual_report,2021-07-18,estimated,1.2438174661524276e-05,1.0047109431075727,0.412074453924567,0.0151592226973431,195,-0.0046159448612033,-0.0036927558889626,-0.0092318897224067,-0.0120014566391287,-0.0101550786946474,-0.01384783458361,-0.011078267666888,-0.3907724616532586,-0.300501445646223,-0.3364761274149772,0.5114490710817309,-0.3126179693226069,-0.273540723157281,0.3046137691733707,0.6953862308266293,0.2395616836851154,11,negative
SEPLAT,SEPLAT,Oil & Gas,2020,interim_report,2021-08-01,estimated,-3.827997309643361e-05,1.089163388347718,0.3047058260956202,0.0025721981348151,197,-0.0183632822562609,-0.0146906258050087,-0.0367265645125219,-0.0477445338662785,-0.0403992209637741,-0.0550898467687829,-0.0440718774150263,-0.8046557719872323,-1.0440884198222753,-0.1089184633482392,0.4875091265778386,-0.6437246175897858,-0.5632590403910626,0.0976721140063838,0.902327885993616,0.1180427027802355,24,negative
SEPLAT,SEPLAT,Oil & Gas,2020,interim_report,2021-08-15,estimated,0.0001926177547531,0.6144881470566724,0.3760235904259901,0.0113352513293462,162,-0.0138563020929619,-0.0110850416743695,-0.0277126041859239,-0.036026385441701,-0.0304838646045162,-0.0415689062788858,-0.0332551250231086,0.3684660530243138,0.2985908725256203,0.4694123223352875,0.2153852394838614,0.294772842419451,0.2579262371170196,0.6842330265121569,0.3157669734878431,0.2686890447633729,24,positive
NB,NB,Consumer Goods,2023,annual_report,2021-08-29,estimated,0.000290941664047,1.297699127155321,0.3180632645676583,0.0144481539781171,127,-0.0009383880027366,-0.0007507104021892,-0.0018767760054732,-0.0024398088071152,-0.0020644536060205,-0.0028151640082098,-0.0022521312065678,-0.1196950125207974,-0.1143350877044641,-0.2418665672988724,0.4047486965756938,-0.0957560100166379,-0.0837865087645581,0.4401524937396013,0.5598475062603987,0.3872875853516141,8,neutral
ZENITHBANK,ZENITHBANK,Banking,2020,interim_report,2021-09-12,estimated,-3.985675738191412e-05,1.3456946259868898,0.2472328797709588,0.0104114199463771,159,-0.0246176493762329,-0.0196941195009863,-0.0492352987524658,-0.0640058883782056,-0.0541588286277124,-0.0738529481286988,-0.059082358502959,-0.7559235303104423,-0.386746004706666,0.1567366645412922,0.4281173712715143,-0.6047388242483539,-0.5291464712173096,0.1220382348447788,0.8779617651552212,0.1525908827072979,10,negative
SEPLAT,SEPLAT,Oil & Gas,2024,annual_report,2021-09-26,estimated,0.000156296923669,1.052106546871367,0.5742266534810784,0.0153274018753267,178,0.0057752126862778,0.0046201701490223,0.0115504253725557,0.0150155529843224,0.0127054679098113,0.0173256380588336,0.0138605104470669,-0.0096461797774596,-0.0055219255927135,-0.1748099357753051,0.4392936685381403,-0.0077169438219677,-0.0067523258442217,0.4951769101112702,0.5048230898887298,0.3070014672461997,11,neutral
SEPLAT,SEPLAT,Oil & Gas,2022,interim_report,2021-10-10,estimated,3.49357430878173e-05,1.1573206591015135,0.4818028970798804,0.0074135577494981,193,-0.0254611472944659,-0.0203689178355727,-0.0509222945889319,-0.0661989829656115,-0.0560145240478251,-0.0763834418833979,-0.0611067535067183,-0.9312229577695632,-0.8311104893873096,0.2734731256866006,0.5481034215363995,-0.7449783662156506,-0.6518560704386942,0.0343885211152183,0.9656114788847816,0.1602801065977169,22,negative
ZENITHBANK,ZENITHBANK,Banking,2022,annual_report,2021-10-24,estimated,5.12874616235304e-05,1.3379995049418365,0.1700565878832262,0.0170467372009279,136,0.0316537921250827,0.0253230337000661,0.0633075842501654,0.082299859525215,0.0696383426751819,0.0949613763752481,0.0759691011001985,0.8186408041575641,0.8022179156780523,-0.3691263392816502,0.5201615280361271,0.6549126433260514,0.5730485629102948,0.909320402078782,0.0906795979212179,0.2607483053419244,9,positive
ZENITHBANK,ZENITHBANK,Banking,2020,interim_report,2021-11-07,estimated,4.076060757611309e-05,1.165790907450719,0.5342339879489564,0.0214944906180962,192,-0.0170272667062024,-0.0136218133649619,-0.0340545334124049,-0.0442708934361263,-0.0374599867536454,-0.0510818001186073,-0.0408654400948858,-0.4824400367999661,-0.5306939537153958,0.4698210450785447,0.5647430556760669,-0.385952029439973,-0.3377080257599762,0.2587799816000169,0.7412200183999831,0.1290029348940159,24,negative
SEPLAT,SEPLAT,Oil & Gas,2023,interim_report,2021-11-21,estimated,1.3600923032018405e-05,0.722031234331409,0.3437155991247568,0.0081858071978017,121,0.0008498995780485,0.0006799196624388,0.001699799156097,0.0022097389029261,0.0018697790717067,0.0025496987341455,0.0020397589873164,0.3250445687079639,0.2573256214588,-0.0462104586163607,0.6589299569252771,0.2600356549663711,0.2275311980955747,0.662522284353982,0.337477715646018,0.2351112808774555,7,positive
ZENITHBANK,ZENITHBANK,Banking,2023,annual_report,2021-12-05,estimated,0.0001048521627944,1.0610306881334504,0.5472761134470457,0.0077724873929961,167,0.0045202974998032,0.0036162379998425,0.0090405949996064,0.0117527734994883,0.009944654499567,0.0135608924994096,0.0108487139995276,-0.3765778478211781,-0.4500037068628255,-0.263949536653536,0.6877914432296561,-0.3012622782569425,-0.2636044934748246,0.3117110760894109,0.688288923910589,0.3268489986685738,11,negative
SEPLAT,SEPLAT,Oil & Gas,2024,interim_report,2021-12-19,estimated,1.6904988358896217e-05,1.0853720371062847,0.4999276279736576,0.0172669223855885,119,-0.0147837633200901,-0.011827010656072,-0.0295675266401802,-0.0384377846322343,-0.0325242793041982,-0.0443512899602703,-0.0354810319682162,0.0401360423556216,0.0545899301424155,-0.4265032526699873,0.6308738457358967,0.0321088338844973,0.0280952296489351,0.5200680211778108,0.4799319788221892,0.2042714572716946,26,neutral
SEPLAT,SEPLAT,Oil & Gas,2020,annual_report,2022-01-02,estimated,0.0001270456825779,0.9393045370419087,0.3126067522346167,0.0178978607286535,195,0.00424455756285,0.00339564605028,0.0084891151257,0.01103584966341,0.00933802663827,0.01273367268855,0.01018693815084,0.0934205586865593,0.1195643944179621,-0.3302420949124592,0.7733142175729608,0.0747364469492474,0.0653943910805915,0.5467102793432796,0.4532897206567203,0.2994735173461654,18,neutral
NB,NB,Consumer Goods,2022,annual_report,2022-01-16,estimated,9.49761890550863e-05,1.189155388499778,0.1112346541600587,0.0073856998642336,199,0.0068849180942961,0.0055079344754369,0.0137698361885923,0.01790078704517,0.0151468198074515,0.0206547542828884,0.0165238034263107,-0.6302910889489459,-0.3401169370461671,0.0197739485560176,0.2109395496058169,-0.5042328711591567,-0.4412037622642621,0.184854455525527,0.815145544474473,0.3386349882369188,11,negative
MTNN,MTNN,Telecoms,2023,annual_report,2022-01-30,estimated,7.610519531335902e-05,1.347493611815212,0.234338679692473,0.0078990659145207,213,-0.0060060015990785,-0.0048048012792628,-0.0120120031981571,-0.0156156041576043,-0.0132132035179729,-0.0180180047972357,-0.0144144038377886,0.9391692555291172,0.9208619796972624,-0.1629968235687137,0.3174667914101277,0.7513354044232937,0.657418478870382,0.9695846277645586,0.0304153722354414,0.3781533458438358,9,positive
SEPLAT,SEPLAT,Oil & Gas,2020,annual_report,2022-02-13,estimated,9.243633795840212e-06,1.340454810325421,0.3708171073304335,0.0085910769556974,167,0.0105619079324872,0.0084495263459897,0.0211238158649744,0.0274609606244668,0.0232361974514719,0.0316857237974617,0.0253485790379693,0.5502656467222291,0.3328722958490704,0.3288833658826094,0.2045377249868852,0.4402125173777833,0.3851859527055603,0.7751328233611146,0.2248671766388854,0.170392624556636,26,positive
DANGCEM,DANGCEM,Industrial,2023,interim_report,2022-02-27,estimated,4.232286694316673e-05,0.9606714971233056,0.4167391099130736,0.0032777474448286,190,0.0164335031750309,0.0131468025400247,0.0328670063500619,0.0427271082550805,0.0361537069850681,0.0493005095250929,0.0394404076200743,0.8789978831283782,0.6522559981291255,-0.069112476338194,0.5884848284927618,0.7031983065027027,0.6152985181898647,0.9394989415641892,0.0605010584358108,0.2197947747427924,9,positive
MTNN,MTNN,Telecoms,2023,interim_report,2022-03-13,estimated,0.0001755391225825,0.6905904366726041,0.2289438427166011,0.005406740267579,163,0.0216176064100458,0.0172940851280366,0.0432352128200916,0.0562057766661191,0.0475587341021008,0.0648528192301375,0.05188225538411,0.7896547008552977,1.1739501053591297,-0.2512857274123701,0.7388183293699921,0.6317237606842382,0.5527582905987083,0.8948273504276488,0.1051726495723511,0.1457248039991252,27,positive
MTNN,MTNN,Telecoms,2022,interim_report,2022-03-27,estimated,0.0001500917187624,1.3878729591698675,0.169678037036412,0.0049792961662396,116,-0.0125248845216434,-0.0100199076173147,-0.0250497690432869,-0.032564699756273,-0.0275547459476156,-0.0375746535649304,-0.0300597228519443,0.1957999576221702,0.1258006000725496,0.11714498660403,0.3460893779457796,0.1566399660977362,0.1370599703355192,0.5978999788110851,0.4021000211889148,0.3977450506475126,6,neutral
MTNN,MTNN,Telecoms,2021,annual_report,2022-04-10,estimated,2.2444755201448947e-06,1.2711184691567472,0.5174651183996496,0.0061610121744793,111,-0.0038494806128599,-0.0030795844902879,-0.0076989612257198,-0.0100086495934358,-0.0084688573482918,-0.0115484418385798,-0.0092387534708638,0.8437484700462337,0.8428103512218892,0.2067772168854458,0.7562207268777841,0.674998776036987,0.5906239290323635,0.9218742350231168,0.0781257649768831,0.3781002903772886,25,positive
NB,NB,Consumer Goods,2024,interim_report,2022-04-24,estimated,0.0001099332305429,0.6997301449626134,0.592201090351776,0.009826575563066,121,-0.0058209553682311,-0.0046567642945849,-0.0116419107364623,-0.0151344839574011,-0.0128061018101086,-0.0174628661046935,-0.0139702928837548,-0.823014995896161,-0.9202589370910956,-0.3329580920990501,0.2361604341737365,-0.6584119967169288,-0.5761104971273127,0.0884925020519195,0.9115074979480804,0.2619871390841679,26,negative
SEPLAT,SEPLAT,Oil & Gas,2024,annual_report,2022-05-08,estimated,0.0001751387123371,1.3366735060938977,0.3628450911513429,0.0111710736626826,116,-0.0054082057120108,-0.0043265645696086,-0.0108164114240216,-0.0140613348512281,-0.0118980525664238,-0.0162246171360324,-0.0129796937088259,-0.6080342751617096,-0.7311399167721307,-0.3323807837116823,0.7606616160833086,-0.4864274201293677,-0.4256239926131967,0.1959828624191452,0.8040171375808548,0.3526099883129264,10,negative
NB,NB,Consumer Goods,2022,interim_report,2022-05-22,estimated,-6.694052811213718e-05,1.2959170896497023,0.1858396429241517,0.0177525024640703,109,-0.0105120207033604,-0.0084096165626883,-0.0210240414067208,-0.027331253828737,-0.0231264455473928,-0.0315360621100812,-0.0252288496880649,-0.909545422178924,-0.9637986091834462,-0.463328573066457,0.4109736123437807,-0.7276363377431392,-0.6366817955252466,0.045227288910538,0.954772711089462,0.2562873931816126,19,negative
SEPLAT,SEPLAT,Oil & Gas,2023,interim_report,2022-06-05,estimated,0.0001543360192379,1.0150704457008577,0.2361536632596844,0.005008229796306,217,-0.0009094874583898,-0.0007275899667118,-0.0018189749167797,-0.0023646673918136,-0.0020008724084577,-0.0027284623751696,-0.0021827699001356,-0.3493393384734713,-0.1780830106104785,0.2364020150656405,0.2608524970695299,-0.279471470778777,-0.2445375369314299,0.3253303307632643,0.6746696692367357,0.2870757064008279,25,negative
NB,NB,Consumer Goods,2020,interim_report,2022-06-19,estimated,3.373762410541533e-05,1.0730203485959433,0.1091953382737333,0.0149216119923829,164,-0.0118399903290466,-0.0094719922632373,-0.0236799806580933,-0.0307839748555213,-0.0260479787239026,-0.03551997098714,-0.028415976789712,-0.2226454206210359,-0.1840078256009952,0.163804527621805,0.4915230555117954,-0.1781163364968288,-0.1558517944347252,0.388677289689482,0.611322710310518,0.126737329634805,14,negative
NB,NB,Consumer Goods,2023,annual_report,2022-07-03,estimated,0.0001570598668593,0.919202163096104,0.5571494032802495,0.0089300557788724,121,-0.0039563578322705,-0.0031650862658164,-0.0079127156645411,-0.0102865303639035,-0.0087039872309952,-0.0118690734968117,-0.0094952587974493,-0.4573019364522082,-0.4654015052697877,-0.0253691242501861,0.3540659406323048,-0.3658415491617666,-0.3201113555165457,0.2713490317738959,0.7286509682261041,0.3265811261490424,27,negative
DANGCEM,DANGCEM,Industrial,2022,interim_report,2022-07-17,estimated,2.3674084345748312e-05,0.6438093110576251,0.1588755414450705,0.0097526814517378,189,0.0135255311907913,0.0108204249526331,0.0270510623815827,0.0351663810960576,0.029756168619741,0.0405765935723741,0.0324612748578993,0.6574750183038587,0.3865075372854746,0.3441704489691971,0.3709237411771537,0.525980014643087,0.460232512812701,0.8287375091519293,0.1712624908480706,0.1383140450905704,28,positive
NB,NB,Consumer Goods,2024,interim_report,2022-07-31,estimated,-8.048821006645191e-05,0.8681577933167207,0.3882582377571267,0.013374097460833,219,-0.0132267929245219,-0.0105814343396175,-0.0264535858490438,-0.0343896616037569,-0.0290989444339482,-0.0396803787735657,-0.0317443030188526,-0.2864933466128214,-0.2436989562411124,0.3056701529500532,0.3843739789557719,-0.2291946772902571,-0.200545342628975,0.3567533266935893,0.6432466733064107,0.3478202890757585,11,negative
ZENITHBANK,ZENITHBANK,Banking,2023,annual_report,2022-08-14,estimated,-6.275424378831628e-05,1.242282758878409,0.237027610343603,0.0043863898921885,181,0.0167502166799308,0.0134001733439447,0.0335004333598617,0.0435505633678202,0.0368504766958479,0.0502506500397926,0.0402005200318341,-0.4381309806252385,-0.2336128009271871,0.0853543643967521,0.6818155386995981,-0.3505047845001908,-0.3066916864376669,0.2809345096873807,0.7190654903126192,0.3346084263011158,9,negative
DANGCEM,DANGCEM,Industrial,2024,interim_report,2022-08-28,estimated,0.0001048084946661,0.6037056184036823,0.3770890012578967,0.0119120487309202,149,0.0072037940061447,0.0057630352049158,0.0144075880122895,0.0187298644159764,0.0158483468135185,0.0216113820184343,0.0172891056147475,0.0853921663164969,0.0494060712562103,0.3682712805132586,0.5234967660051528,0.0683137330531975,0.0597745164215478,0.5426960831582485,0.4573039168417515,0.312623409322893,5,neutral
NB,NB,Consumer Goods,2020,annual_report,2022-09-11,estimated,0.0001259722501721,0.8667993373529153,0.4257101941759321,0.0108322610410652,113,-0.0256635669657902,-0.0205308535726321,-0.0513271339315804,-0.0667252741110546,-0.0564598473247385,-0.0769907008973707,-0.0615925607178965,-0.7181515500504747,-0.6441268410805263,-0.2941587899632317,0.3867846194936022,-0.5745212400403797,-0.5027060850353323,0.1409242249747626,0.8590757750252374,0.1108481141574286,17,negative
MTNN,MTNN,Telecoms,2024,interim_report,2022-09-25,estimated,9.56833748955914e-06,0.9185349548727546,0.5148709018536008,0.0124622563200407,163,0.017272829530544,0.0138182636244352,0.0345456590610881,0.0449093567794145,0.0380002249671969,0.0518184885916321,0.0414547908733057,0.6043939615080793,0.3824095810946568,-0.3880803806022721,0.5662002699865512,0.4835151692064635,0.4230757730556555,0.8021969807540397,0.1978030192459603,0.1909385067835985,25,positive
ZENITHBANK,ZENITHBANK,Banking,2024,annual_report,2022-10-09,estimated,0.0001638592458777,1.0299164823503382,0.2032106358803016,0.011445843219539,146,-0.0249470015674483,-0.0199576012539587,-0.0498940031348967,-0.0648622040753658,-0.0548834034483864,-0.0748410047023451,-0.0598728037618761,-0.8508987126404584,-0.9083691334768628,-0.2302503884830103,0.6296904045339162,-0.6807189701123667,-0.5956290988483208,0.0745506436797708,0.9254493563202292,0.1789337709732528,22,negative
ZENITHBANK,ZENITHBANK,Banking,2021,annual_report,2022-10-23,estimated,-6.615200622689598e-05,1.3358844931302083,0.1054979143292402,0.0222765006995544,128,0.0244451656447961,0.0195561325158369,0.0488903312895923,0.06355743067647,0.0537793644185515,0.0733354969343885,0.0586683975475108,0.9737738732010346,1.158269910033744,-0.4429131439106851,0.3635744004401203,0.7790190985608277,0.6816417112407241,0.9868869366005172,0.0131130633994827,0.2080409222414557,17,positive
ZENITHBANK,ZENITHBANK,Banking,2021,interim_report,2022-11-06,estimated,9.339202013526836e-05,0.877076795492769,0.1684428150344036,0.0068113000787434,175,0.0226497878164922,0.0181198302531938,0.0452995756329845,0.0588894483228799,0.049829533196283,0.0679493634494768,0.0543594907595814,0.5444895385933148,0.7081558516985069,0.031169528001032,0.448129460915211,0.4355916308746519,0.3811426770153203,0.7722447692966574,0.2277552307033425,0.1262928240291515,25,positive
DANGCEM,DANGCEM,Industrial,2021,annual_report,2022-11-20,estimated,-2.1101619976245665e-05,0.8775625615169821,0.5500093209240525,0.0073450152249909,135,-0.0192970585333712,-0.0154376468266969,-0.0385941170667424,-0.0501723521867651,-0.0424535287734166,-0.0578911756001136,-0.0463129404800908,-0.6025686369316552,-0.4218885783219607,0.4366056922949615,0.2731316560021685,-0.4820549095453241,-0.4217980458521586,0.1987156815341724,0.8012843184658276,0.3810873469093189,25,negative
NB,NB,Consumer Goods,2024,annual_report,2022-12-04,estimated,3.481638921978409e-05,1.1900009984877986,0.5369450387812577,0.0068842973678761,198,-0.0027921348707379,-0.0022337078965903,-0.0055842697414758,-0.0072595506639185,-0.0061426967156233,-0.0083764046122137,-0.0067011236897709,-0.9889557657527952,-0.6601107482646714,-0.4606564593314903,0.3086896097208082,-0.7911646126022363,-0.6922690360269566,0.0055221171236023,0.9944778828763976,0.2661406722137129,22,negative
NB,NB,Consumer Goods,2022,annual_report,2022-12-18,estimated,0.0001047398671316,0.9617743527118456,0.3987065510851542,0.0072226144041987,151,0.0146236044403512,0.011698883552281,0.0292472088807025,0.0380213715449132,0.0321719297687727,0.0438708133210537,0.035096650656843,0.6309228569096683,0.381435669019488,-0.3778900859899732,0.6086707123789897,0.5047382855277347,0.4416459998367678,0.8154614284548342,0.1845385715451658,0.1916572931974071,9,positive
MTNN,MTNN,Telecoms,2024,annual_report,2023-01-01,estimated,1.3958663471604754e-05,0.7796838583519855,0.4002584302168267,0.0068130643634674,175,0.0164814723153596,0.0131851778522877,0.0329629446307192,0.042851828019935,0.0362592390937912,0.0494444169460789,0.0395555335568631,0.4137146876952342,0.4701578857773628,-0.0478009717165647,0.3088630086173762,0.3309717501561874,0.2896002813866639,0.7068573438476171,0.2931426561523829,0.219094455122285,17,positive
MTNN,MTNN,Telecoms,2022,annual_report,2023-01-15,estimated,6.154444557701747e-05,0.9619516129061548,0.4325183372731277,0.0159450826555377,106,0.0305801273244039,0.0244641018595231,0.0611602546488079,0.0795083310434503,0.0672762801136887,0.0917403819732119,0.0733923055785695,0.4580143360819746,0.552583178865916,0.4338750175279049,0.5150980302002361,0.3664114688655797,0.3206100352573822,0.7290071680409873,0.2709928319590127,0.2341607621514507,8,positive
ZENITHBANK,ZENITHBANK,Banking,2022,annual_report,2023-01-29,estimated,0.0002006292809214,0.7126856163038399,0.1876856393117248,0.0171025212399492,128,0.0050707589505424,0.0040566071604339,0.0101415179010849,0.0131839732714104,0.0111556696911934,0.0152122768516274,0.0121698214813019,0.5425406933718915,0.2884071156005945,-0.1838438950232495,0.6254277570334597,0.4340325546975132,0.379778485360324,0.7712703466859457,0.2287296533140542,0.2801783000081852,21,positive
MTNN,MTNN,Telecoms,2021,interim_report,2023-02-12,estimated,4.2310813047685126e-05,0.7411095892049786,0.5572059729624799,0.0071462685312526,110,-0.0222003625024459,-0.0177602900019567,-0.0444007250048918,-0.0577209425063593,-0.048840797505381,-0.0666010875073377,-0.0532808700058701,-0.8519106965318193,-1.2235245750649903,0.0072348086883924,0.2641261538568463,-0.6815285572254555,-0.5963374875722735,0.0740446517340903,0.9259553482659096,0.2547038283089493,7,negative
DANGCEM,DANGCEM,Industrial,2023,annual_report,2023-02-26,estimated,0.0001835692112065,0.9986942181915835,0.3093852624460366,0.0058382221344788,132,-0.0153649585139908,-0.0122919668111926,-0.0307299170279817,-0.0399488921363762,-0.0338029087307799,-0.0460948755419725,-0.036875900433578,-0.2830685429114548,-0.1562457069921876,-0.4584271409496079,0.5403873317773422,-0.2264548343291638,-0.1981479800380183,0.3584657285442726,0.6415342714557274,0.3758175919643253,21,negative
NB,NB,Consumer Goods,2020,annual_report,2023-03-12,estimated,-1.2970685465761808e-05,0.9351403596036384,0.2915692641247487,0.012357077781932,105,-0.021721556776314,-0.0173772454210512,-0.0434431135526281,-0.0564760476184166,-0.0477874249078909,-0.0651646703289422,-0.0521317362631538,-0.7682618809497406,-0.7999882811844722,-0.3516567990379111,0.3539376702208183,-0.6146095047597925,-0.5377833166648184,0.1158690595251297,0.8841309404748703,0.2490890448717491,15,negative
ZENITHBANK,ZENITHBANK,Banking,2021,interim_report,2023-03-26,estimated,0.0001529804177915,1.33187672085448,0.3594588526414187,0.0072388847785951,210,0.0099293314085915,0.0079434651268732,0.019858662817183,0.0258162616623379,0.0218445290989013,0.0297879942257745,0.0238303953806196,0.726206851751187,0.8780280334071049,0.4866301229588469,0.777756125142548,0.5809654814009496,0.508344796225831,0.8631034258755935,0.1368965741244064,0.3976474044469938,25,positive
MTNN,MTNN,Telecoms,2021,interim_report,2023-04-09,estimated,0.0002441568620657,0.8899151192933065,0.1234829833875275,0.0131646590887775,178,0.0079633434900347,0.0063706747920278,0.0159266869800695,0.0207046930740904,0.0175193556780765,0.0238900304701043,0.0191120243760834,0.2465962536551158,0.3380758497926215,0.4651186964360455,0.4901273880319549,0.1972770029240926,0.1726173775585811,0.6232981268275579,0.3767018731724421,0.3554274873235288,24,positive
DANGCEM,DANGCEM,Industrial,2023,interim_report,2023-04-23,estimated,-0.0001471644500127,1.0644706802224346,0.1831416843780397,0.0110146151042565,131,-0.0016144242627952,-0.0012915394102362,-0.0032288485255905,-0.0041975030832677,-0.0035517333781496,-0.0048432727883858,-0.0038746182307086,-0.3382039502947016,-0.4106089964483623,-0.4950600190655904,0.6835955298650949,-0.2705631602357613,-0.2367427652062911,0.3308980248526492,0.6691019751473508,0.1625531543072007,27,negative
DANGCEM,DANGCEM,Industrial,2020,interim_report,2023-05-07,estimated,2.031047445295232e-05,1.105811430335624,0.4690168082131852,0.0024212794250138,150,-0.0027534588784689,-0.0022027671027751,-0.0055069177569379,-0.0071589930840193,-0.0060576095326317,-0.0082603766354069,-0.0066083013083255,-0.8728832994279527,-1.136256704107984,0.4518117854232389,0.5301359252937572,-0.6983066395423623,-0.6110183095995668,0.0635583502860236,0.9364416497139764,0.3791785643931749,25,negative
MTNN,MTNN,Telecoms,2024,interim_report,2023-05-21,estimated,0.000157707212718,0.6104755652706669,0.1413993339625632,0.0177375260066503,174,-0.0055080067000562,-0.004406405360045,-0.0110160134001125,-0.0143208174201463,-0.0121176147401238,-0.0165240201001688,-0.0132192160801351,-0.3780353565686756,-0.317341852859563,0.1391199378155003,0.2260475197128915,-0.3024282852549405,-0.2646247495980729,0.3109823217156622,0.6890176782843378,0.1349099193656428,8,negative
NB,NB,Consumer Goods,2024,interim_report,2023-06-04,estimated,7.969546139570074e-05,1.1308298976133684,0.4015760547331941,0.0189793883654776,157,0.0129246756252688,0.010339740500215,0.0258493512505377,0.033604156625699,0.0284342863755915,0.0387740268758066,0.0310192215006452,-0.3496333559465059,-0.4597067170019394,0.3679182945200221,0.5798908253564135,-0.2797066847572047,-0.2447433491625541,0.325183322026747,0.674816677973253,0.3452349125473575,6,negative
MTNN,MTNN,Telecoms,2021,interim_report,2023-06-18,estimated,0.0001371145873371,0.742428773495801,0.2226745548406604,0.006936056547578,186,0.0035799749346674,0.0028639799477339,0.0071599498693349,0.0093079348301354,0.0078759448562684,0.0107399248040024,0.0085919398432019,0.4592123566761281,0.2663959057511167,-0.0452601443661409,0.7708420053239944,0.3673698853409025,0.3214486496732897,0.7296061783380641,0.2703938216619359,0.214186988042974,24,positive
ZENITHBANK,ZENITHBANK,Banking,2020,annual_report,2023-07-02,estimated,3.960148132841794e-05,1.368856253975564,0.2946478070209882,0.00806149220032,125,0.0381288387230266,0.0305030709784213,0.0762576774460532,0.0991349806798692,0.0838834451906585,0.1143865161690798,0.0915092129352639,0.2751149427104262,0.3837349044236404,0.0155960285792502,0.5609670920877987,0.220091954168341,0.1925804598972983,0.6375574713552131,0.3624425286447869,0.3633922961335208,20,positive
MTNN,MTNN,Telecoms,2021,annual_report,2023-07-16,estimated,0.0001086589787472,0.7189301822024903,0.2443468683853499,0.0114293269536245,197,0.0194372241243523,0.0155497792994818,0.0388744482487047,0.0505367827233161,0.0427618930735752,0.0583116723730571,0.0466493378984456,0.7744254851526531,0.8112822341450778,-0.0111534197430798,0.6915133156560742,0.6195403881221225,0.5420978396068571,0.8872127425763265,0.1127872574236734,0.3604170070322351,22,positive
DANGCEM,DANGCEM,Industrial,2022,interim_report,2023-07-30,estimated,8.443227646079205e-05,0.931699298981619,0.2778363582324745,0.0116722839499351,145,-0.011548021700345,-0.009238417360276,-0.0230960434006901,-0.0300248564208971,-0.0254056477407591,-0.0346440651010351,-0.0277152520808281,-0.0555701496761014,-0.0732024342448103,0.1668642575461043,0.7305238780090448,-0.0444561197408811,-0.0388991047732709,0.4722149251619493,0.5277850748380507,0.3417776200352864,12,neutral
MTNN,MTNN,Telecoms,2021,annual_report,2023-08-13,estimated,0.0002167782061659,0.668279734462915,0.4595229525921227,0.0132927213633641,197,-0.0247983288476148,-0.0198386630780918,-0.0495966576952297,-0.0644756550037986,-0.0545563234647526,-0.0743949865428445,-0.0595159892342756,-0.7608115081233966,-0.7245347102578538,-0.3603487452436871,0.3368478631693595,-0.6086492064987173,-0.5325680556863776,0.1195942459383017,0.8804057540616983,0.3370091308921185,7,negative
NB,NB,Consumer Goods,2021,annual_report,2023-08-27,estimated,0.0001254420843301,1.397499401476758,0.2485608578115875,0.0200510226938317,128,0.0124282488072296,0.0099425990457837,0.0248564976144593,0.0323134468987971,0.0273421473759052,0.037284746421689,0.0298277971373511,0.42648957444599,0.4877239645702919,-0.470026410127322,0.327226903944936,0.341191659556792,0.2985427021121929,0.713244787222995,0.286755212777005,0.1914037417294122,13,positive
SEPLAT,SEPLAT,Oil & Gas,2024,annual_report,2023-09-10,estimated,0.0001337602662075,1.001756008264994,0.3832023201484485,0.0091152638625297,103,0.0050302666419337,0.004024213313547,0.0100605332838675,0.0130786932690278,0.0110665866122543,0.0150907999258013,0.012072639940641,0.5215700972337949,0.5353409356654744,-0.192070058408809,0.5665885933105951,0.4172560777870359,0.3650990680636564,0.7607850486168974,0.2392149513831025,0.1242757849153756,24,positive
MTNN,MTNN,Telecoms,2024,interim_report,2023-09-24,estimated,5.881230338775327e-05,1.076308013856035,0.3380252010995498,0.0060085137773077,180,0.010763322103236,0.0086106576825888,0.021526644206472,0.0279846374684136,0.0236793086271192,0.0322899663097081,0.0258319730477664,0.1225543951389924,0.1509367088982457,0.2046807627366467,0.4466170818840229,0.0980435161111939,0.0857880765972947,0.5612771975694962,0.4387228024305037,0.2208940536295484,10,neutral
NB,NB,Consumer Goods,2024,interim_report,2023-10-08,estimated,5.123937759275065e-05,0.653661181910742,0.431835582681324,0.0031034038599273,198,0.0140444857058061,0.0112355885646449,0.0280889714116122,0.0365156628350959,0.0308978685527735,0.0421334571174184,0.0337067656939347,0.541934359909122,0.3152052720157017,-0.2981465478770516,0.7039167817200322,0.4335474879272976,0.3793540519363854,0.770967179954561,0.229032820045439,0.1520573544959526,14,positive
NB,NB,Consumer Goods,2022,annual_report,2023-10-22,estimated,5.674418121803792e-05,1.199968376319342,0.568414869662379,0.0063453498002904,112,-0.0010964935172791,-0.0008771948138233,-0.0021929870345583,-0.0028508831449258,-0.0024122857380142,-0.0032894805518375,-0.00263158444147,-0.0124088072712185,-0.0069533010142645,0.1734324333249173,0.7400138740388067,-0.0099270458169748,-0.0086861650898529,0.4937955963643907,0.5062044036356093,0.3084853266707386,25,neutral
DANGCEM,DANGCEM,Industrial,2024,interim_report,2023-11-05,estimated,0.0001394452142378,0.7679244744764686,0.4662860486051251,0.009834365135631,204,-0.0099029365943952,-0.0079223492755161,-0.0198058731887904,-0.0257476351454276,-0.0217864605076695,-0.0297088097831857,-0.0237670478265485,0.0454656587639881,0.0339675406989772,0.4699120461072704,0.4120528275816309,0.0363725270111904,0.0318259611347916,0.5227328293819941,0.4772671706180059,0.2038299179613356,14,neutral
NB,NB,Consumer Goods,2020,annual_report,2023-11-19,estimated,5.7901551917973706e-05,1.3184434315525708,0.2074701892953784,0.0189727893175889,138,-0.0211093597578168,-0.0168874878062534,-0.0422187195156336,-0.0548843353703237,-0.046440591467197,-0.0633280792734504,-0.0506624634187603,-0.1449179632829007,-0.0955798717360755,-0.4060992842105816,0.3421223353846893,-0.1159343706263206,-0.1014425742980305,0.4275410183585496,0.5724589816414504,0.3926830602579745,17,neutral
NB,NB,Consumer Goods,2023,annual_report,2023-12-03,estimated,0.0001289774856896,0.7641117123856057,0.1155915675306423,0.0074119435048191,114,-0.0198188630985149,-0.0158550904788119,-0.0396377261970298,-0.0515290440561387,-0.0436014988167328,-0.0594565892955447,-0.0475652714364357,-0.9491617465118096,-1.3020444859028537,0.1726021182251262,0.6683153091463172,-0.7593293972094477,-0.6644132225582667,0.0254191267440951,0.9745808732559048,0.2922916232035996,21,negative
NB,NB,Consumer Goods,2020,annual_report,2023-12-17,estimated,0.0003075400798645,0.7525501765309333,0.2311320221499125,0.0111189397581944,218,-0.0010582722611574,-0.0008466178089259,-0.0021165445223149,-0.0027515078790093,-0.0023281989745464,-0.0031748167834723,-0.0025398534267779,-0.7842171460133911,-0.5640199405388366,-0.0562497806954288,0.3648836213288817,-0.627373716810713,-0.5489520022093737,0.1078914269933044,0.8921085730066955,0.3467441690903083,13,negative
NB,NB,Consumer Goods,2020,annual_report,2023-12-31,estimated,0.0001871124703431,0.6292397342784759,0.3975389653501274,0.0099178855196362,128,-0.0113809526277704,-0.0091047621022163,-0.0227619052555408,-0.0295904768322031,-0.0250380957810949,-0.0341428578833112,-0.027314286306649,-0.9371416286265316,-1.383094769471653,0.3681422543775053,0.6935685911082071,-0.7497133029012253,-0.655999140038572,0.0314291856867342,0.9685708143132656,0.1397574018225545,21,negative
ZENITHBANK,ZENITHBANK,Banking,2024,interim_report,2024-01-14,estimated,6.73976467832159e-05,0.9776535560879992,0.1257129067421251,0.0159419663672404,128,-0.0114794223959864,-0.0091835379167891,-0.0229588447919728,-0.0298464982295647,-0.0252547292711701,-0.0344382671879593,-0.0275506137503674,0.2728208225275608,0.2283225982808476,-0.3228502105526141,0.4542429521892577,0.2182566580220486,0.1909745757692925,0.6364104112637804,0.3635895887362196,0.3586043446817868,28,positive
ZENITHBANK,ZENITHBANK,Banking,2023,interim_report,2024-01-28,estimated,0.0002201213922163,1.0518729066100931,0.3481831236006182,0.0226346621293681,174,-0.0034045589945704,-0.0027236471956563,-0.0068091179891408,-0.0088518533858831,-0.0074900297880549,-0.0102136769837112,-0.008170941586969,-0.3712880378473466,-0.253262222496579,0.1926259522261645,0.6005299395748823,-0.2970304302778773,-0.2599016264931426,0.3143559810763267,0.6856440189236733,0.3768271571540184,13,negative
DANGCEM,DANGCEM,Industrial,2023,interim_report,2024-02-11,estimated,5.919246269784487e-05,0.6525669115426819,0.3984214244584446,0.0073456561353983,215,0.0050735879815515,0.0040588703852412,0.010147175963103,0.013191328752034,0.0111618935594133,0.0152207639446546,0.0121766111557237,0.0171413823294055,0.0221072152005928,0.3381152896481102,0.2573211883008009,0.0137131058635244,0.0119989676305838,0.5085706911647028,0.4914293088352972,0.2461185756456808,13,neutral
MTNN,MTNN,Telecoms,2023,annual_report,2024-02-25,estimated,-0.0001038124535177,1.2204220933560084,0.2671219454084804,0.0075528027874088,131,0.0011787762652686,0.0009430210122149,0.0023575525305372,0.0030648182896984,0.0025933077835909,0.0035363287958058,0.0028290630366447,0.815132947852186,0.944500884743278,0.4446142194740232,0.5743155948059439,0.6521063582817489,0.5705930634965302,0.907566473926093,0.0924335260739069,0.2818758813252933,5,positive
NB,NB,Consumer Goods,2022,interim_report,2024-03-10,estimated,-8.086310917404131e-07,0.962631067798422,0.485456101872911,0.0152208043853453,101,-0.0055996693012146,-0.0044797354409717,-0.0111993386024293,-0.014559140183158,-0.0123192724626722,-0.0167990079036439,-0.0134392063229151,-0.5014155417022501,-0.5005108458902163,0.1832480282896458,0.4710606072423375,-0.4011324333618001,-0.350990879191575,0.2492922291488749,0.7507077708511251,0.3294429402708987,6,negative
MTNN,MTNN,Telecoms,2024,annual_report,2024-03-24,estimated,-8.707919210258556e-05,1.019512215462064,0.1532991265668859,0.0134094574481315,146,-0.0019609033283561,-0.0015687226626848,-0.0039218066567122,-0.0050983486537258,-0.0043139873223834,-0.0058827099850683,-0.0047061679880546,-0.1792341539287405,-0.1891571931395376,-0.0028252359915726,0.5519650779052845,-0.1433873231429924,-0.1254639077501183,0.4103829230356297,0.5896170769643703,0.1524515881781237,20,neutral
MTNN,MTNN,Telecoms,2023,interim_report,2024-04-07,estimated,6.484865159586914e-05,0.9526101975505824,0.1375688908679044,0.0192335366286801,177,-0.0066205945665913,-0.005296475653273,-0.0132411891331826,-0.0172135458731374,-0.0145653080465009,-0.0198617836997739,-0.0158894269598191,0.5111022770860973,0.6231368051023732,0.1178472402012138,0.3008085246469181,0.4088818216688779,0.3577715939602681,0.7555511385430487,0.2444488614569513,0.2507698229390327,5,positive
DANGCEM,DANGCEM,Industrial,2022,annual_report,2024-04-21,estimated,0.0001018418379189,0.9206104487002608,0.4640943781018016,0.0129196409266298,183,-0.0036637130308977,-0.0029309704247182,-0.0073274260617955,-0.0095256538803342,-0.0080601686679751,-0.0109911390926933,-0.0087929112741546,-0.5424036690167551,-0.3951165244107477,0.3689049844787182,0.6421242469665094,-0.4339229352134041,-0.3796825683117285,0.2287981654916224,0.7712018345083775,0.2195989083316939,14,negative
NB,NB,Consumer Goods,2021,annual_report,2024-05-05,estimated,0.0002676437312275,1.0477122650465742,0.3477456581030992,0.0082035395460647,121,-0.0056807961255332,-0.0045446369004266,-0.0113615922510665,-0.0147700699263865,-0.0124977514761732,-0.0170423883765998,-0.0136339107012798,-0.846040180342414,-1.2659586161931164,0.0706097466388296,0.7176782465259373,-0.6768321442739312,-0.5922281262396898,0.0769799098287929,0.923020090171207,0.1439121976486747,22,negative
NB,NB,Consumer Goods,2021,annual_report,2024-05-19,estimated,0.0001326927373764,0.7241921967445699,0.444201198213868,0.0129532741534615,174,0.007230684127104,0.0057845473016832,0.014461368254208,0.0187997787304704,0.0159075050796288,0.021692052381312,0.0173536419050496,-0.4204970941724639,-0.6201462391881417,-0.4696129403031631,0.3300438800544654,-0.3363976753379711,-0.2943479659207247,0.289751452913768,0.710248547086232,0.2102603266874594,12,negative
SEPLAT,SEPLAT,Oil & Gas,2022,interim_report,2024-06-02,estimated,7.808994711911358e-05,0.7455425043962168,0.3174136693018731,0.0155435179029145,126,0.0030091642680564,0.0024073314144451,0.0060183285361128,0.0078238270969466,0.0066201613897241,0.0090274928041692,0.0072219942433354,-0.6775574254919912,-0.7794117105185383,0.4309486955069778,0.257428733312097,-0.542045940393593,-0.4742901978443938,0.1612212872540044,0.8387787127459956,0.120451692815648,25,negative
MTNN,MTNN,Telecoms,2022,interim_report,2024-06-16,estimated,0.0001829405581183,1.2894284968108138,0.2232010166195534,0.0141024109059868,166,-0.0043299375291864,-0.0034639500233491,-0.0086598750583728,-0.0112578375758847,-0.0095258625642101,-0.0129898125875593,-0.0103918500700474,0.8593953046851461,0.6011834977564465,0.1895267510315611,0.2141831516278018,0.6875162437481169,0.6015767132796023,0.9296976523425732,0.0703023476574269,0.1077435720848461,15,positive
MTNN,MTNN,Telecoms,2024,interim_report,2024-06-30,estimated,-0.0001211135309007,1.3568923697069062,0.5095511588370999,0.0125363701555364,180,-0.0024792016120065,-0.0019833612896052,-0.004958403224013,-0.0064459241912169,-0.0054542435464143,-0.0074376048360195,-0.0059500838688156,0.6162407591288339,0.7273047480611484,0.1765133857772465,0.5851829002659596,0.4929926073030671,0.4313685313901837,0.808120379564417,0.191879620435583,0.1405498867464468,27,positive
ZENITHBANK,ZENITHBANK,Banking,2024,interim_report,2024-07-14,estimated,0.0001235614558108,0.8986474530238023,0.4997079394844896,0.0153333734479457,207,0.0104400535354209,0.0083520428283367,0.0208801070708419,0.0271441391920944,0.022968117777926,0.0313201606062628,0.0250561284850102,0.2668075130208469,0.1526668344542193,-0.2843248476022828,0.5642564216532685,0.2134460104166775,0.1867652591145928,0.6334037565104235,0.3665962434895765,0.3889345334767522,6,positive
SEPLAT,SEPLAT,Oil & Gas,2021,annual_report,2024-07-28,estimated,0.0001770865193886,0.816595738514843,0.4473482354272133,0.0158464779522283,155,0.0175661420920341,0.0140529136736273,0.0351322841840682,0.0456719694392887,0.0386455126024751,0.0526984262761024,0.0421587410208819,0.7429211803754354,0.3942329833079158,0.1588854702326572,0.5280184476284421,0.5943369443003483,0.5200448262628048,0.8714605901877177,0.1285394098122823,0.2648588607685051,12,positive
ZENITHBANK,ZENITHBANK,Banking,2023,interim_report,2024-08-11,estimated,-4.785862457798417e-05,1.1151996345912123,0.2360725686149813,0.0169107949551876,191,0.015548258385799,0.0124386067086392,0.031096516771598,0.0404254718030774,0.0342061684487578,0.0466447751573971,0.0373158201259176,0.6073441537982289,0.4601742727702409,-0.1061355943458415,0.3391682576695852,0.4858753230385831,0.4251409076587602,0.8036720768991145,0.1963279231008855,0.389746648345966,26,positive
ZENITHBANK,ZENITHBANK,Banking,2021,interim_report,2024-08-25,estimated,0.0002143754043206,0.9269873368784772,0.3951153334345435,0.0132435494379482,192,0.0387562453997651,0.031004996319812,0.0775124907995302,0.1007662380393892,0.0852637398794832,0.1162687361992952,0.0930149889594362,-0.6268598822279283,-0.603429713291508,0.151232977041492,0.4345435975433088,-0.5014879057823427,-0.4388019175595498,0.1865700588860358,0.8134299411139642,0.2297493634990396,12,negative
ZENITHBANK,ZENITHBANK,Banking,2023,annual_report,2024-09-08,estimated,0.0001338496407494,0.6203090845282758,0.2804869484700134,0.0091644095984157,120,0.0189129013383639,0.0151303210706911,0.0378258026767278,0.0491735434797461,0.0416083829444006,0.0567387040150917,0.0453909632120734,0.7851179969799555,1.074255368768973,-0.3934069696920093,0.556685801111704,0.6280943975839645,0.5495825978859689,0.8925589984899778,0.1074410015100222,0.1935448399255779,21,positive
DANGCEM,DANGCEM,Industrial,2023,annual_report,2024-09-22,estimated,5.847120860991988e-05,0.7249220778929523,0.145791036663317,0.0107335684321666,146,0.015374837759727,0.0122998702077816,0.030749675519454,0.0399745781752902,0.0338246430713994,0.046124513279181,0.0368996106233448,0.0786844838313014,0.0965591648283002,0.157845304603036,0.4980601153155017,0.0629475870650411,0.055079138681911,0.5393422419156507,0.4606577580843493,0.2518425588520733,19,neutral
